i,x1[i],T1[i],P1[i],v1[i],rho1[i],alfa[i],[i]
0,0,1000,1.61e+07,6.67808,26.2157,897.615
1,0.1,997.925,1.60999e+07,6.66425,26.2701,448.772
2,0.2,996.895,1.60999e+07,6.65739,26.2971,299.168
3,0.3,996.212,1.60998e+07,6.65285,26.3151,224.369
4,0.4,995.7,1.60998e+07,6.64946,26.3285,179.483
5,0.5,993.623,1.60997e+07,6.63561,26.3835,2.37646e-321
